<?xml version="1.0"?>
<doc>
    <assembly>
        <name>Bravo</name>
    </assembly>
    <members>
        <member name="T:Sqlbi.Bravo.Controllers.AnalyzeModelController">
            <summary>
            AnalyzeModel module controller
            </summary>
            <response code="400">Status400BadRequest - See the "instance" and "detail" properties to identify the specific occurrence of the problem</response>
        </member>
        <member name="M:Sqlbi.Bravo.Controllers.AnalyzeModelController.GetDatabase">
            <summary>
            Returns a database model from the VPAX file stream
            </summary>
            <response code="200">Status200OK - Success</response>
        </member>
        <member name="M:Sqlbi.Bravo.Controllers.AnalyzeModelController.GetDatabase(Sqlbi.Bravo.Models.PBIDesktopReport,System.Threading.CancellationToken)">
            <summary>
            Returns a database model from a PBIDesktop instance
            </summary>
            <response code="200">Status200OK - Success</response>
        </member>
        <member name="M:Sqlbi.Bravo.Controllers.AnalyzeModelController.GetDatabase(Sqlbi.Bravo.Models.PBICloudDataset,System.Threading.CancellationToken)">
            <summary>
            Returns a database model from a PBICloud dataset
            </summary>
            <response code="200">Status200OK - Success</response>
            <response code="401">Status401Unauthorized - Sign-in required</response>
        </member>
        <member name="M:Sqlbi.Bravo.Controllers.AnalyzeModelController.GetDatasets(System.Threading.CancellationToken)">
            <summary>
            Returns a list of all PBICloud datasets
            </summary>
            <response code="200">Status200OK - Success</response>
            <response code="401">Status401Unauthorized - Sign-in required</response>
        </member>
        <member name="M:Sqlbi.Bravo.Controllers.AnalyzeModelController.GetReports(System.Threading.CancellationToken)">
            <summary>
            Returns a list of all open <see cref="T:Sqlbi.Bravo.Models.PBIDesktopReport"/>
            </summary>
            <response code="200">Status200OK - Success</response>
        </member>
        <member name="M:Sqlbi.Bravo.Controllers.AnalyzeModelController.QueryReports(System.Threading.CancellationToken)">
            <summary>
            Returns a list of all open <see cref="T:Sqlbi.Bravo.Models.PBIDesktopReport"/> reports as fast as possible, providing only process information and without attempting to establish a database connection
            </summary>
            <response code="200">Status200OK - Success</response>
        </member>
        <member name="M:Sqlbi.Bravo.Controllers.AnalyzeModelController.ExportVpax(Sqlbi.Bravo.Models.PBIDesktopReport,System.Threading.CancellationToken)">
            <summary>
            Prompts the user to select a location for saving a VPAX file generated from an active <see cref="T:Sqlbi.Bravo.Models.PBIDesktopReport"/>
            </summary>
            <response code="200">Status200OK - Success</response>
            <response code="204">Status204NoContent - User canceled action (e.g. 'Cancel' button has been pressed on a dialog box)</response>
        </member>
        <member name="M:Sqlbi.Bravo.Controllers.AnalyzeModelController.ExportVpax(Sqlbi.Bravo.Models.PBICloudDataset,System.Threading.CancellationToken)">
            <summary>
            Prompts the user to select a location for saving a VPAX file generated from an active <see cref="T:Sqlbi.Bravo.Models.PBICloudDataset"/>
            </summary>
            <response code="200">Status200OK - Success</response>
            <response code="204">Status204NoContent - User canceled action (e.g. 'Cancel' button has been pressed on a dialog box)</response>
            <response code="401">Status401Unauthorized - Sign-in required</response>
        </member>
        <member name="T:Sqlbi.Bravo.Controllers.ApplicationController">
            <summary>
            Application controller
            </summary>
            <response code="400">Status400BadRequest - See the "instance" and "detail" properties to identify the specific occurrence of the problem</response>
        </member>
        <member name="M:Sqlbi.Bravo.Controllers.ApplicationController.GetOptions">
            <summary>
            Get the application options
            </summary>
            <response code="200">Status200OK - Success</response>
        </member>
        <member name="M:Sqlbi.Bravo.Controllers.ApplicationController.UpdateOptions(Sqlbi.Bravo.Models.BravoOptions)">
            <summary>
            Update the application options
            </summary>
            <response code="200">Status200OK - Success</response>
            <response code="400">Status400BadRequest - See the "instance" and "detail" properties to identify the specific occurrence of the problem</response>
        </member>
        <member name="M:Sqlbi.Bravo.Controllers.ApplicationController.ChangeTheme(Sqlbi.Bravo.Infrastructure.Configuration.Settings.ThemeType)">
            <summary>
            Change the current window theme
            </summary>
            <response code="200">Status200OK - Success</response>
        </member>
        <member name="M:Sqlbi.Bravo.Controllers.ApplicationController.BrowserNavigateTo(System.Uri)">
            <summary>
            Opens the provided URL using the system's default browser
            </summary>
            <response code="200">Status200OK - Success</response>
            <response code="403">Status403Forbidden - The address provided is invalid or not allowed</response>
        </member>
        <member name="M:Sqlbi.Bravo.Controllers.ApplicationController.PBIDesktopOpenPBIX(System.Boolean,System.Threading.CancellationToken)">
            <summary>
            Launches the Power BI Desktop process after displaying a dialog box that prompts the user to select the PBIX file to be opened
            </summary>
            <response code="200">Status200OK - Success</response>
            <response code="204">Status204NoContent - User canceled action (e.g. 'Cancel' button has been pressed on a dialog box)</response>
            <response code="403">Status403Forbidden - The path is invalid or not allowed</response>
        </member>
        <member name="M:Sqlbi.Bravo.Controllers.ApplicationController.FileSystemOpen(System.String)">
            <summary>
            Opens the folder or file path provided
            </summary>
            <response code="200">Status200OK - Success</response>
            <response code="403">Status403Forbidden - The path is invalid or not allowed</response>
        </member>
        <member name="M:Sqlbi.Bravo.Controllers.ApplicationController.GetDiagnostics(System.Nullable{System.Boolean})">
            <summary>
            Gets all the <see cref="T:Sqlbi.Bravo.Models.DiagnosticMessage"/> for the application
            </summary>
            <response code="200">Status200OK - Success</response>
        </member>
        <member name="M:Sqlbi.Bravo.Controllers.ApplicationController.GetCurrentVersion(Sqlbi.Bravo.Infrastructure.Configuration.Settings.UpdateChannelType,System.Threading.CancellationToken)">
            <summary>
            Gets the current application version for the specified <see cref="T:Sqlbi.Bravo.Infrastructure.Configuration.Settings.UpdateChannelType"/>
            </summary>
            <response code="200">Status200OK - Success</response>
        </member>
        <member name="M:Sqlbi.Bravo.Controllers.ApplicationController.UpdateProxyCredentials">
            <summary>
            Displays a dialog box that prompts the user to enter credentials to authenticate to the HTTP proxy
            </summary>
            <response code="200">Status200OK - Success</response>
            <response code="204">Status204NoContent - User canceled action (e.g. 'Cancel' button has been pressed on a dialog box)</response>
        </member>
        <member name="M:Sqlbi.Bravo.Controllers.ApplicationController.DeleteProxyCredentials">
            <summary>
            Removes credentials to authenticate to the HTTP proxy, if any
            </summary>
            <response code="200">Status200OK - Success</response>
        </member>
        <member name="M:Sqlbi.Bravo.Controllers.ApplicationController.OpenControlPanelItem(System.String)">
            <summary>
            Opens a Windows Control Panel items based on the canonical name provided
            </summary>
            <response code="200">Status200OK - Success</response>
        </member>
        <member name="T:Sqlbi.Bravo.Controllers.AuthenticationController">
            <summary>
            Authentication controller
            </summary>
            <response code="400">Status400BadRequest - See the "instance" and "detail" properties to identify the specific occurrence of the problem</response>
        </member>
        <member name="M:Sqlbi.Bravo.Controllers.AuthenticationController.GetPBICloudEnvironmentsAsync(System.String,System.Threading.CancellationToken)">
            <summary>
            TODO
            </summary>
            <response code="200">Status200OK - Success</response>
        </member>
        <member name="M:Sqlbi.Bravo.Controllers.AuthenticationController.PBICloudSignInAsync(Sqlbi.Bravo.Infrastructure.Models.PBICloud.PBICloudAuthenticationRequest,System.Threading.CancellationToken)">
            <summary>
            Attempts to authenticate and acquire an access token for the account to access the PowerBI cloud services
            </summary>
            <response code="200">Status200OK - Success</response>
        </member>
        <member name="M:Sqlbi.Bravo.Controllers.AuthenticationController.PBICloudSignOutAsync(System.Threading.CancellationToken)">
            <summary>
            Clear the token cache for all the accounts
            </summary>
            <response code="200">Status200OK - Success</response>
        </member>
        <member name="M:Sqlbi.Bravo.Controllers.AuthenticationController.GetPBICloudAccountAvatarAsync(System.Threading.CancellationToken)">
            <summary>
            Returns the account profile picture as base64 encoded image [data:image/jpeg;base64,...]
            </summary>
            <response code="200">Status200OK - Success</response>
            <response code="404">Status404NotFound - Current account has no profile picture</response>
            <response code="401">Status401Unauthorized - Sign-in required</response>
        </member>
        <member name="T:Sqlbi.Bravo.Controllers.ExportDataController">
            <summary>
            ExportData module controller
            </summary>
            <response code="400">Status400BadRequest - See the "instance" and "detail" properties to identify the specific occurrence of the problem</response>
        </member>
        <member name="M:Sqlbi.Bravo.Controllers.ExportDataController.ExportDelimitedTextFile(Sqlbi.Bravo.Models.ExportData.ExportDelimitedTextFromPBIReportRequest,System.Threading.CancellationToken)">
            <summary>
            Exports tables from a <see cref="T:Sqlbi.Bravo.Models.PBIDesktopReport"/> using the provided <see cref="T:Sqlbi.Bravo.Models.ExportData.ExportDelimitedTextSettings"/> format settings 
            </summary>
            <response code="200">Status200OK - Success</response>
            <response code="204">Status204NoContent - User canceled action (e.g. 'Cancel' button has been pressed on a dialog box)</response>
        </member>
        <member name="M:Sqlbi.Bravo.Controllers.ExportDataController.ExportDelimitedTextFile(Sqlbi.Bravo.Models.ExportData.ExportDelimitedTextFromPBICloudDatasetRequest,System.Threading.CancellationToken)">
            <summary>
            Exports tables from a <see cref="T:Sqlbi.Bravo.Models.PBICloudDataset"/> using the provided <see cref="T:Sqlbi.Bravo.Models.ExportData.ExportDelimitedTextSettings"/> format settings 
            </summary>
            <response code="200">Status200OK - Success</response>
            <response code="204">Status204NoContent - User canceled action (e.g. 'Cancel' button has been pressed on a dialog box)</response>
            <response code="401">Status401Unauthorized - Sign-in required</response>
        </member>
        <member name="M:Sqlbi.Bravo.Controllers.ExportDataController.ExportExcelFile(Sqlbi.Bravo.Models.ExportData.ExportExcelFromPBIReportRequest,System.Threading.CancellationToken)">
            <summary>
            Exports tables from a <see cref="T:Sqlbi.Bravo.Models.PBIDesktopReport"/> using the provided <see cref="T:Sqlbi.Bravo.Models.ExportData.ExportExcelSettings"/> format settings 
            </summary>
            <response code="200">Status200OK - Success</response>
            <response code="204">Status204NoContent - User canceled action (e.g. 'Cancel' button has been pressed on a dialog box)</response>
        </member>
        <member name="M:Sqlbi.Bravo.Controllers.ExportDataController.ExportExcelFile(Sqlbi.Bravo.Models.ExportData.ExportExcelFromPBICloudDatasetRequest,System.Threading.CancellationToken)">
            <summary>
            Exports tables from a <see cref="T:Sqlbi.Bravo.Models.PBICloudDataset"/> using the provided <see cref="T:Sqlbi.Bravo.Models.ExportData.ExportExcelSettings"/> format settings 
            </summary>
            <response code="200">Status200OK - Success</response>
            <response code="204">Status204NoContent - User canceled action (e.g. a 'Cancel' button has been pressed on a dialog box)</response>
            <response code="401">Status401Unauthorized - Sign-in required</response>
        </member>
        <member name="M:Sqlbi.Bravo.Controllers.ExportDataController.QueryExportJob(Sqlbi.Bravo.Models.PBIDesktopReport)">
            <summary>
            Returns the details of a <see cref="T:Sqlbi.Bravo.Models.PBIDesktopReport"/> export job to allow monitoring of ongoing activity
            </summary>
            <response code="200">Status200OK - Success</response>
            <response code="204">Status204NoContent - Export job not available for querying</response>
        </member>
        <member name="M:Sqlbi.Bravo.Controllers.ExportDataController.QueryExportJob(Sqlbi.Bravo.Models.PBICloudDataset)">
            <summary>
            Returns the details of a <see cref="T:Sqlbi.Bravo.Models.PBICloudDataset"/> export job to allow monitoring of ongoing activity
            </summary>
            <response code="200">Status200OK - Success</response>
            <response code="204">Status204NoContent - Export job not available for querying</response>
        </member>
        <member name="T:Sqlbi.Bravo.Controllers.FormatDaxController">
            <summary>
            FormatDax module controller
            </summary>
            <response code="400">Status400BadRequest - See the "instance" and "detail" properties to identify the specific occurrence of the problem</response>
        </member>
        <member name="M:Sqlbi.Bravo.Controllers.FormatDaxController.Format(Sqlbi.Bravo.Models.FormatDax.FormatDaxRequest)">
            <summary>
            Format the provided DAX measures by using daxformatter.com service
            </summary>
            <response code="200">Status200OK - Success</response>
        </member>
        <member name="M:Sqlbi.Bravo.Controllers.FormatDaxController.Update(Sqlbi.Bravo.Models.FormatDax.UpdatePBIDesktopReportRequest)">
            <summary>
            Update a <see cref="T:Sqlbi.Bravo.Models.PBIDesktopReport"/> by applying changes to formatted measures
            </summary>
            <response code="200">Status200OK - Success</response>
        </member>
        <member name="M:Sqlbi.Bravo.Controllers.FormatDaxController.Update(Sqlbi.Bravo.Models.FormatDax.UpdatePBICloudDatasetRequest,System.Threading.CancellationToken)">
            <summary>
            Update a <see cref="T:Sqlbi.Bravo.Models.PBICloudDataset"/> by applying changes to formatted measures 
            </summary>
            <response code="200">Status200OK - Success</response>
            <response code="401">Status401Unauthorized - Sign-in required</response>
        </member>
        <member name="T:Sqlbi.Bravo.Controllers.ManageDatesController">
            <summary>
            ManageDates module controller
            </summary>
            <response code="400">Status400BadRequest - See the "instance" and "detail" properties to identify the specific occurrence of the problem</response>
        </member>
        <member name="M:Sqlbi.Bravo.Controllers.ManageDatesController.GetConfigurations(Sqlbi.Bravo.Models.PBIDesktopReport,System.Threading.CancellationToken)">
            <summary>
            Gets all the available <see cref="T:Sqlbi.Bravo.Models.ManageDates.DateConfiguration"/> from the embedded templates
            </summary>
            <response code="200">Status200OK - Success</response>
        </member>
        <member name="M:Sqlbi.Bravo.Controllers.ManageDatesController.ValidateConfiguration(Sqlbi.Bravo.Models.ManageDates.ValidateConfigurationRequest,System.Threading.CancellationToken)">
            <summary>
            Validate the <see cref="T:Sqlbi.Bravo.Models.ManageDates.DateConfiguration"/> provided against the tabular model
            </summary>
            <response code="200">Status200OK - Success</response>
        </member>
        <member name="M:Sqlbi.Bravo.Controllers.ManageDatesController.GetPreviewChanges(Sqlbi.Bravo.Models.ManageDates.PreviewChangesRequest,System.Threading.CancellationToken)">
            <summary>
            Applies the provided <see cref="T:Sqlbi.Bravo.Models.ManageDates.DateConfiguration"/> without commit changes and returns a preview of changes to objects and data
            </summary>
            <response code="200">Status200OK - Success</response>
        </member>
        <member name="M:Sqlbi.Bravo.Controllers.ManageDatesController.ApplyConfiguration(Sqlbi.Bravo.Models.ManageDates.ApplyConfigurationRequest,System.Threading.CancellationToken)">
            <summary>
            Update the <see cref="T:Sqlbi.Bravo.Models.PBIDesktopReport"/> by appliying the provided <see cref="T:Sqlbi.Bravo.Models.ManageDates.DateConfiguration"/>
            </summary>
            <response code="200">Status200OK - Success</response>
        </member>
        <member name="T:Sqlbi.Bravo.Controllers.TemplateDevelopmentController">
            <summary>
            TemplateDevelopment module controller
            </summary>
            <response code="400">Status400BadRequest - See the "instance" and "detail" properties to identify the specific occurrence of the problem</response>
        </member>
        <member name="M:Sqlbi.Bravo.Controllers.TemplateDevelopmentController.GetOrganizationCustomPackages(System.Threading.CancellationToken)">
            <summary>
            Returns all the <see cref="T:Sqlbi.Bravo.Models.ManageDates.CustomPackage"/> of type <see cref="F:Sqlbi.Bravo.Models.ManageDates.CustomPackageType.Organization"/> from the organization repository
            </summary>
            <response code="200">Status200OK - Success</response>
        </member>
        <member name="M:Sqlbi.Bravo.Controllers.TemplateDevelopmentController.BrowseUserCustomPackage(System.Boolean,System.Threading.CancellationToken)">
            <summary>
            Displays a dialog box that prompts the user to select a '.package.json' file or 'code-workspace' file and returns the <see cref="T:Sqlbi.Bravo.Models.ManageDates.CustomPackage"/>
            </summary>
            <response code="200">Status200OK - Success</response>
            <response code="204">Status204NoContent - User canceled action (e.g. 'Cancel' button has been pressed on a dialog box)</response>
        </member>
        <member name="M:Sqlbi.Bravo.Controllers.TemplateDevelopmentController.GetConfigurations">
            <summary>
            Gets all the available <see cref="T:Sqlbi.Bravo.Models.ManageDates.DateConfiguration"/> from the embedded templates
            </summary>
            <response code="200">Status200OK - Success</response>
        </member>
        <member name="M:Sqlbi.Bravo.Controllers.TemplateDevelopmentController.GetPackageConfiguration(System.String)">
            <summary>
            Get the <see cref="T:Sqlbi.Bravo.Models.ManageDates.DateConfiguration"/> from a custom template package file
            </summary>
            <response code="200">Status200OK - Success</response>
        </member>
        <member name="M:Sqlbi.Bravo.Controllers.TemplateDevelopmentController.Validate(Sqlbi.Bravo.Models.ManageDates.CustomPackage,System.Threading.CancellationToken)">
            <summary>
            Validate the <see cref="T:Sqlbi.Bravo.Models.ManageDates.CustomPackage"/> by verifying the existence of the .code-workspace and package.json files
            </summary>
            <response code="200">Status200OK - Success</response>
        </member>
        <member name="M:Sqlbi.Bravo.Controllers.TemplateDevelopmentController.CreateWorkspace(Sqlbi.Bravo.Models.TemplateDevelopment.CreateWorkspaceRequest,System.Threading.CancellationToken)">
            <summary>
            Create and initialize a new template development workspace by cloning an existing template from the provided <see cref="T:Sqlbi.Bravo.Models.ManageDates.DateConfiguration"/>
            </summary>
            <response code="200">Status200OK - Success</response>
            <response code="204">Status204NoContent - User canceled action (e.g. 'Cancel' button has been pressed on a dialog box)</response>
        </member>
        <member name="M:Sqlbi.Bravo.Controllers.TemplateDevelopmentController.ConfigureWorkspace(System.String,System.Boolean,System.Threading.CancellationToken)">
            <summary>
            Configure an existing template development workspace by updating the bravo-config.json file
            </summary>
            <response code="200">Status200OK - Success</response>
            <response code="403">Status404NotFound - The selected folder does not contain the Bravo workspace configuration file</response>
        </member>
        <member name="M:Sqlbi.Bravo.Controllers.TemplateDevelopmentController.PBIDesktopOpenPBIX(System.String,System.Boolean,System.Threading.CancellationToken)">
            <summary>
            Launches the Power BI Desktop process after displaying a dialog box that prompts the user to select the PBIX file to be opened
            </summary>
            <response code="200">Status200OK - Success</response>
            <response code="403">Status403Forbidden - The path is invalid or not allowed</response>
        </member>
        <member name="M:Sqlbi.Bravo.Controllers.TemplateDevelopmentController.GetReports(System.Threading.CancellationToken)">
            <summary>
            Returns a list of all open <see cref="T:Sqlbi.Bravo.Models.PBIDesktopReport"/>
            </summary>
            <response code="200">Status200OK - Success</response>
        </member>
        <member name="M:Sqlbi.Bravo.Controllers.TemplateDevelopmentController.GetDatabase(Sqlbi.Bravo.Models.PBIDesktopReport,System.Threading.CancellationToken)">
            <summary>
            Returns a database model from a PBIDesktop instance
            </summary>
            <response code="200">Status200OK - Success</response>
        </member>
        <member name="M:Sqlbi.Bravo.Controllers.TemplateDevelopmentController.GetPreviewChanges(Sqlbi.Bravo.Models.TemplateDevelopment.WorkspacePreviewChangesRequest,System.Threading.CancellationToken)">
            <summary>
            Applies the provided <see cref="T:Sqlbi.Bravo.Models.ManageDates.CustomPackage"/> file without commit changes and returns a preview of changes to objects and data
            </summary>
            <response code="200">Status200OK - Success</response>
        </member>
        <member name="P:Sqlbi.Bravo.Infrastructure.AppEnvironment.SessionId">
            <summary>
            Specifies the unique identifier that spans a period of time from log in to log out and is generated by the operating system when the user's session is created.
            It allows us to correctly identify the ownership of the process in case multiple sessions are active or in multi-session environments such as Remote Desktop Services (a.k.a Terminal Services).
            </summary>
        </member>
        <member name="P:Sqlbi.Bravo.Infrastructure.AppEnvironment.ApplicationInstallerRegistryHKey">
            <summary>
            Returns the HKEY registry key used to install the current application instance. Returns null if it is a packaged or portable app instance
            </summary>
        </member>
        <member name="F:Sqlbi.Bravo.Infrastructure.AppDeploymentMode.Portable">
            <summary>
            Portable ZIP package
            </summary>
        </member>
        <member name="F:Sqlbi.Bravo.Infrastructure.AppDeploymentMode.PerUser">
            <summary>
            MSI package per-user installation that does not require elevated privileges to install
            </summary>
        </member>
        <member name="F:Sqlbi.Bravo.Infrastructure.AppDeploymentMode.PerMachine">
            <summary>
            MSI package per-machine installation that requires elevated privileges to install
            </summary>
        </member>
        <member name="F:Sqlbi.Bravo.Infrastructure.AppDeploymentMode.Packaged">
            <summary>
            MSIX packaged application
            </summary>
        </member>
        <member name="T:Sqlbi.Bravo.Infrastructure.BravoUnexpectedException">
            <summary>
            Represents unexpected errors that occur during application execution.
            </summary>
            <remarks>
            This class does not inherit from <see cref="T:Sqlbi.Bravo.Infrastructure.BravoException"/>. <see cref="T:Sqlbi.Bravo.Infrastructure.BravoUnexpectedException"/> will be tracked in telemetry as an unhandled exception and should not be handled at the application level.
            </remarks>
        </member>
        <member name="M:Sqlbi.Bravo.Infrastructure.BravoUnexpectedException.ThrowIfNull(System.Object,System.String)">
            <summary>
            Throws an <see cref="T:Sqlbi.Bravo.Infrastructure.BravoUnexpectedArgumentNullException"/> if <paramref name="argument"/> is null. See https://github.com/dotnet/runtime/issues/48573
            </summary>
            <param name="argument">The reference type argument to validate as non-null.</param>
            <param name="paramName">The name of the parameter with which <paramref name="argument"/> corresponds.</param>
        </member>
        <member name="M:Sqlbi.Bravo.Infrastructure.BravoUnexpectedException.Assert(System.Boolean,System.String)">
            <summary>
            Throws an <see cref="T:Sqlbi.Bravo.Infrastructure.BravoUnexpectedInvalidOperationException"/> if <paramref name="condition"/> is false.
            </summary>
            <param name="condition">The Boolean condition to be evaluated.</param>
            <param name="conditionExpression">The expression of the parameter with which <paramref name="condition"/> corresponds.</param>
        </member>
        <member name="T:Sqlbi.Bravo.Infrastructure.BravoException">
            <summary>
            Represents the base class for error that occurs during application execution.
            </summary>
        </member>
        <member name="F:Sqlbi.Bravo.Infrastructure.BravoProblem.OperationCancelled">
            <summary>
            A <see cref="T:System.OperationCanceledException"/> or <see cref="T:System.Threading.Tasks.TaskCanceledException"/> was thrown, an HTTP request was aborted or the user  cancelled a long-running operation.
            This BravoProblem is a placehoder since the response message is never sent back to the user/UI due to the aborted request.
            </summary>
        </member>
        <member name="F:Sqlbi.Bravo.Infrastructure.BravoProblem.AnalysisServicesConnectionFailed">
            <summary>
            A connection problem arises between the server and current application
            </summary>
        </member>
        <member name="F:Sqlbi.Bravo.Infrastructure.BravoProblem.TOMDatabaseDatabaseNotFound">
            <summary>
            TOM database does not exists in the collection or the user does not have admin rights for it.
            </summary> 
        </member>
        <member name="F:Sqlbi.Bravo.Infrastructure.BravoProblem.TOMDatabaseUpdateFailed">
            <summary>
            TOM database update failed while saving local changes made on the model tree to the version of the model residing in the database server.
            </summary> 
        </member>
        <member name="F:Sqlbi.Bravo.Infrastructure.BravoProblem.TOMDatabaseUpdateConflictMeasure">
            <summary>
            TOM measure update request conflict with current state of the target resource
            </summary> 
        </member>
        <member name="F:Sqlbi.Bravo.Infrastructure.BravoProblem.TOMDatabaseUpdateErrorMeasure">
            <summary>
            TOM measure update request failed because the measure contains DaxFormatter errors
            </summary> 
        </member>
        <member name="F:Sqlbi.Bravo.Infrastructure.BravoProblem.ConnectionUnsupported">
            <summary>
            The connection to the requested resource is not supported
            </summary> 
        </member>
        <member name="F:Sqlbi.Bravo.Infrastructure.BravoProblem.UserSettingsSaveError">
            <summary>
            An error occurred while saving user settings
            </summary> 
        </member>
        <member name="F:Sqlbi.Bravo.Infrastructure.BravoProblem.SignInMsalExceptionOccurred">
            <summary>
            An error occurs during token acquisition.
            </summary> 
            <remarks>
            Exceptions in MSAL.NET are intended for app developers to troubleshoot and not for displaying to end-users
            </remarks>
        </member>
        <member name="F:Sqlbi.Bravo.Infrastructure.BravoProblem.SignInMsalTimeoutExpired">
            <summary>
            Sign-in request was canceled because the configured timeout period elapsed prior to completion of the operation
            </summary> 
        </member>
        <member name="F:Sqlbi.Bravo.Infrastructure.BravoProblem.VpaxFileImportError">
            <summary>
            An error occurred while importing the VPAX file
            </summary> 
        </member>
        <member name="F:Sqlbi.Bravo.Infrastructure.BravoProblem.VpaxFileExportError">
            <summary>
            An error has occurred while exporting the VPAX file
            </summary> 
        </member>
        <member name="F:Sqlbi.Bravo.Infrastructure.BravoProblem.NetworkError">
            <summary>
            You are not connected to the Internet
            </summary> 
        </member>
        <member name="F:Sqlbi.Bravo.Infrastructure.BravoProblem.ExportDataFileError">
            <summary>
            An exception occurred while exporting data to file
            </summary> 
        </member>
        <member name="F:Sqlbi.Bravo.Infrastructure.BravoProblem.ManageDateTemplateError">
            <summary>
            An exception occurred while executing the DAX template engine
            </summary> 
        </member>
        <member name="F:Sqlbi.Bravo.Infrastructure.BravoProblem.TemplateDevelopmentError">
            <summary>
            An exception occurred while executing the template development APIs
            </summary> 
        </member>
        <member name="P:Sqlbi.Bravo.Infrastructure.AppInstance.IsOwned">
            <summary>
            Determines if the current instance is the only running instance of the application or if another instance is already running
            </summary>
            <returns>true if the current instance is the only running instance of the application; otherwise, false</returns>
        </member>
        <member name="E:Sqlbi.Bravo.Infrastructure.AppInstance.OnNewInstance">
            <summary>
            Occurs when a new (secondary) instance of the application is started and the notification is sent to the primary (owner) instance
            </summary>
        </member>
        <member name="M:Sqlbi.Bravo.Infrastructure.AppInstance.NotifyOwner">
            <summary>
            Sends a message to the primary instance owner notifying it of startup arguments for the current instance
            </summary>
        </member>
        <member name="F:Sqlbi.Bravo.Infrastructure.AppWindow.components">
            <summary>
             Required designer variable.
            </summary>
        </member>
        <member name="M:Sqlbi.Bravo.Infrastructure.AppWindow.Dispose(System.Boolean)">
            <summary>
             Clean up any resources being used.
            </summary>
            <param name="disposing">true if managed resources should be disposed; otherwise, false.</param>
        </member>
        <member name="M:Sqlbi.Bravo.Infrastructure.AppWindow.InitializeComponent">
            <summary>
             Required method for Designer support - do not modify
             the contents of this method with the code editor.
            </summary>
        </member>
        <member name="M:Sqlbi.Bravo.Infrastructure.AppWindowSubclass.Hook(System.IntPtr)">
            <summary>
            Try to install a WndProc subclass callback to hook messages sent to the selected window
            </summary>
        </member>
        <member name="P:Sqlbi.Bravo.Infrastructure.Configuration.Settings.ProxySettings.UseDefaultCredentials">
            <summary>
            Indicate whether the <see cref="P:System.Net.CredentialCache.DefaultCredentials"/> system credentials of the application are sent with requests.
            https://docs.microsoft.com/en-us/power-bi/connect-data/desktop-troubleshooting-sign-in#using-default-system-credentials-for-web-proxy
            </summary>
        </member>
        <member name="P:Sqlbi.Bravo.Infrastructure.Configuration.Settings.ProxySettings.Address">
            <summary>
            The address of the proxy server.
            </summary>
        </member>
        <member name="P:Sqlbi.Bravo.Infrastructure.Configuration.Settings.ProxySettings.BypassOnLocal">
            <summary>
            Indicates whether to bypass the proxy server for local addresses. The default value is true.
            </summary>
        </member>
        <member name="P:Sqlbi.Bravo.Infrastructure.Configuration.Settings.ProxySettings.BypassList">
            <summary>
            An array of addresses that do not use the proxy server
            </summary>
        </member>
        <member name="F:Sqlbi.Bravo.Infrastructure.Configuration.Settings.ProxyType.None">
            <summary>
            Specifies not to use a Proxy, even if the system is otherwise configured to use one. It overrides and ignore any other proxy settings that are provided
            </summary>
        </member>
        <member name="F:Sqlbi.Bravo.Infrastructure.Configuration.Settings.ProxyType.System">
            <summary>
            Specifies to try and automatically detect the system proxy configuration. This is the default value
            </summary>
        </member>
        <member name="F:Sqlbi.Bravo.Infrastructure.Configuration.Settings.ProxyType.Custom">
            <summary>
            Specifies to use a custom proxy configuration and applies all other proxy settings that are provided
            </summary>
        </member>
        <member name="F:Sqlbi.Bravo.Infrastructure.Configuration.Settings.UpdateChannelType.Stable">
            <summary>
            (Default) Stable builds are the best ones to use, they are a result of the code being built in Canary, tested in Dev and bug fixed in Beta
            </summary>
        </member>
        <member name="F:Sqlbi.Bravo.Infrastructure.Configuration.Settings.UpdateChannelType.Dev">
            <summary>
            Dev build will carry the improvements made to the application and tested by the developers, it’s still not recommended to use it because it can have bugs
            </summary>
        </member>
        <member name="T:Sqlbi.Bravo.Infrastructure.Configuration.ApplicationConfiguration">
            <summary>
             Bootstrap the application configuration.
            </summary>
        </member>
        <member name="M:Sqlbi.Bravo.Infrastructure.Configuration.ApplicationConfiguration.Initialize">
            <summary>
             Bootstrap the application as follows:
             <code>
             global::System.Windows.Forms.Application.EnableVisualStyles();
             global::System.Windows.Forms.Application.SetCompatibleTextRenderingDefault(false);
             global::System.Windows.Forms.Application.SetHighDpiMode(HighDpiMode.PerMonitorV2);
            </code>
            </summary>
        </member>
        <member name="F:Sqlbi.Bravo.Infrastructure.Contracts.PBICloud.CloudSharedModelWorkspaceType.Personal">
            <summary>
            ???
            </summary>
        </member>
        <member name="F:Sqlbi.Bravo.Infrastructure.Contracts.PBICloud.CloudSharedModelWorkspaceType.Workspace">
            <summary>
            A modern workspace (the 'new' decoupled Workspace experience)
            </summary>
        </member>
        <member name="F:Sqlbi.Bravo.Infrastructure.Contracts.PBICloud.CloudSharedModelWorkspaceType.Group">
            <summary>
            A legacy workspace based on Office 365 groups (the 'old' Workspace experience where Workspaces are tightly coupled with O365 groups)
            </summary>
        </member>
        <member name="F:Sqlbi.Bravo.Infrastructure.Contracts.PBICloud.CloudSharedModelWorkspaceType.PersonalGroup">
            <summary>
            Personal workspace of a Power BI user, a.k.a. "My Workspace"
            </summary>
        </member>
        <member name="F:Sqlbi.Bravo.Infrastructure.Contracts.PBICloud.CloudWorkspaceCapacitySkuType.Premium">
            <summary>
            PremiumCapacitySku
            </summary>
        </member>
        <member name="F:Sqlbi.Bravo.Infrastructure.Contracts.PBICloud.CloudWorkspaceCapacitySkuType.Shared">
            <summary>
            SharedCapacitySku
            </summary>
        </member>
        <member name="F:Sqlbi.Bravo.Infrastructure.Contracts.PBICloud.CloudWorkspaceType.User">
            <summary>
            PersonalWorkspaceType
            </summary>
        </member>
        <member name="F:Sqlbi.Bravo.Infrastructure.Contracts.PBICloud.CloudWorkspaceType.Group">
            <summary>
            GroupWorkspaceType
            </summary>
        </member>
        <member name="F:Sqlbi.Bravo.Infrastructure.Contracts.PBICloud.CloudWorkspaceType.Folder">
            <summary>
            FolderWorkspaceType
            </summary>
        </member>
        <member name="T:Sqlbi.Bravo.Infrastructure.Extensions.DynamicLinq.DynamicQueryable">
            <summary>
            Microsoft provided class. It allows dynamic string based querying. 
            Very handy when, at compile time, you don't know the type of queries that will be generated.
            </summary>
        </member>
        <member name="M:Sqlbi.Bravo.Infrastructure.Extensions.DynamicLinq.DynamicQueryable.Aggregate(System.Linq.IQueryable,System.String,System.String)">
            <summary>
            Dynamically runs an aggregate function on the IQueryable.
            </summary>
            <param name="source">The IQueryable data source.</param>
            <param name="function">The name of the function to run. Can be Sum, Average, Min, Max.</param>
            <param name="member">The name of the property to aggregate over.</param>
            <returns>The value of the aggregate function run over the specified property.</returns>
        </member>
        <member name="M:Sqlbi.Bravo.Infrastructure.Extensions.HostingExtensions.GetListeningAddress(Microsoft.AspNetCore.Hosting.Server.IServer)">
            <summary>
            Get the listening address used by the Kesterl HTTP server
            </summary>
            <remarks>The port binding happens only when IWebHost.Run() is called and it is not accessible on Startup.Configure() because port has not been yet assigned on this stage.</remarks>
        </member>
        <member name="M:Sqlbi.Bravo.Infrastructure.Extensions.StringExtensions.ToDateTimeOffset(System.String)">
            <summary>
            Convert the old .NET JavaScriptSerializer/DataContractJsonSerializer date format "/Date(1617810719887)/" to <see cref="T:System.DateTimeOffset"/>
            </summary>
            <param name="value">Json date string in format "/Date(1617810719887)/"</param>
        </member>
        <member name="M:Sqlbi.Bravo.Infrastructure.Extensions.StringExtensions.NormalizeDax(System.String)">
            <summary>
            Remove initial CR/LF or SPACE/CR/LF after the last non-empty character of the expression.
            </summary>
        </member>
        <member name="F:Sqlbi.Bravo.Infrastructure.Helpers.DesktopBridgeHelper.APPMODEL_ERROR_NO_PACKAGE">
            <summary>
            The process has no package identity
            </summary>
        </member>
        <member name="M:Sqlbi.Bravo.Infrastructure.Helpers.DesktopBridgeHelper.IsRunningAsMsixPackage">
            <summary>
            Returns true if the app is running as an MSIX package on Windows 10, version 1709 (build 16299) or later
            </summary>
        </member>
        <member name="M:Sqlbi.Bravo.Infrastructure.Helpers.DesktopBridgeHelper.AppRunAs(System.Boolean,System.String[])">
            <summary>
            Attempt to start a new instance of the current application as administrator triggering the request for elevation via UAC
            </summary>
            <exception cref="T:System.InvalidOperationException">If the current process is not running as an MSIX package application</exception>
        </member>
        <member name="F:Sqlbi.Bravo.Infrastructure.Helpers.NetworkHelper.Localhost">
            <summary>
            Standard host name given to the address of the loopback network interface
            </summary>
        </member>
        <member name="F:Sqlbi.Bravo.Infrastructure.Helpers.NetworkHelper.LoopbackProxyBypassRule">
            <summary>
            A special proxy bypass rule which has the effect of subtracting the implicit loopback rules
            https://chromium.googlesource.com/chromium/src/+/HEAD/net/docs/proxy.md#overriding-the-implicit-bypass-rules
            </summary>
        </member>
        <member name="M:Sqlbi.Bravo.Infrastructure.Helpers.NetworkHelper.IsASAzureServer(System.String)">
            <summary>
            Returns true if the protocol schema for the provided <paramref name="address"/> URI is <see cref="F:Sqlbi.Bravo.Infrastructure.Services.PowerBI.PBICloudService.ASAzureProtocolScheme"/>
            </summary>
        </member>
        <member name="M:Sqlbi.Bravo.Infrastructure.Helpers.NetworkHelper.IsPBICloudDatasetServer(System.String)">
            <summary>
            Returns true if the protocol schema for the provided <paramref name="address"/> URI is <see cref="F:Sqlbi.Bravo.Infrastructure.Services.PowerBI.PBICloudService.PBIDatasetProtocolScheme"/> or <see cref="F:Sqlbi.Bravo.Infrastructure.Services.PowerBI.PBICloudService.PBIPremiumXmlaEndpointProtocolScheme"/>
            </summary>
        </member>
        <member name="M:Sqlbi.Bravo.Infrastructure.Helpers.TabularModelHelper.GetDatabaseETag(System.String,System.Int64,System.DateTime)">
            <summary>
            Compute a string identifier for a specific version of a tabular model by using Name, Version and LastUpdate properties
            </summary>
        </member>
        <member name="F:Sqlbi.Bravo.Infrastructure.Helpers.TelemetryHelper.DefaultIngestionEndpoint">
            <summary>
            Default endpoint for Ingestion
            Microsoft.ApplicationInsights.Extensibility.Implementation.Endpoints.Constants
            </summary>
        </member>
        <member name="M:Sqlbi.Bravo.Infrastructure.Helpers.TokenCacheHelper.RegisterCache(Microsoft.Identity.Client.ITokenCache)">
            <summary>
            Registers a token cache to synchronize with the persistent storage.
            </summary>
            <param name="tokenCache">The application token cache, typically referenced as <see cref="P:Microsoft.Identity.Client.IClientApplicationBase.UserTokenCache"/></param>
            <remarks>Call <see cref="M:Sqlbi.Bravo.Infrastructure.Helpers.TokenCacheHelper.UnregisterCache(Microsoft.Identity.Client.ITokenCache)"/> to have the given token cache stop syncronizing.</remarks>
        </member>
        <member name="M:Sqlbi.Bravo.Infrastructure.Helpers.TokenCacheHelper.UnregisterCache(Microsoft.Identity.Client.ITokenCache)">
            <summary>
            Unregisters a token cache so it no longer synchronizes with on disk storage.
            </summary>
        </member>
        <member name="F:Sqlbi.Bravo.Infrastructure.Helpers.WebView2Helper.EvergreenRuntimeBootstrapperUrl">
            <summary>
            The Bootstrapper is a tiny installer that downloads the Evergreen Runtime matching device architecture and installs it locally.
            https://developer.microsoft.com/en-us/microsoft-edge/webview2/#download-section
            </summary>
        </member>
        <member name="P:Sqlbi.Bravo.Infrastructure.Messages.IWebMessage.MessageType">
            <summary>
            Message type identifier
            </summary>
        </member>
        <member name="P:Sqlbi.Bravo.Infrastructure.Models.PBICloud.IPBICloudEnvironment.Type">
            <summary>
            Type of the PowerBI environment.
            </summary>
        </member>
        <member name="P:Sqlbi.Bravo.Infrastructure.Models.PBICloud.IPBICloudEnvironment.Name">
            <summary>
            Cloud environment name.
            </summary>
        </member>
        <member name="P:Sqlbi.Bravo.Infrastructure.Models.PBICloud.IPBICloudEnvironment.Description">
            <summary>
            Cloud environment description.
            </summary>
        </member>
        <member name="P:Sqlbi.Bravo.Infrastructure.Models.PBICloud.IPBICloudEnvironment.AzureADAuthority">
            <summary>
            Azure Active Directory Secure Token Service (STS) Authority
            </summary>
        </member>
        <member name="P:Sqlbi.Bravo.Infrastructure.Models.PBICloud.IPBICloudEnvironment.AzureADClientId">
            <summary>
            Azure Active Directory (AAD) ClientId for the AAD application
            </summary>
        </member>
        <member name="P:Sqlbi.Bravo.Infrastructure.Models.PBICloud.IPBICloudEnvironment.AzureADRedirectAddress">
            <summary>
            Azure Active Directory (AAD) Redirect Address for AAD application
            </summary>
        </member>
        <member name="P:Sqlbi.Bravo.Infrastructure.Models.PBICloud.IPBICloudEnvironment.AzureADResource">
            <summary>
            Azure Active Directory Resource to authenticate against
            </summary>
        </member>
        <member name="P:Sqlbi.Bravo.Infrastructure.Models.PBICloud.IPBICloudEnvironment.AzureADScopes">
            <summary>
            Azure Active Directory scopes requested to access the protected <see cref="P:Sqlbi.Bravo.Infrastructure.Models.PBICloud.IPBICloudEnvironment.AzureADResource"/>
            </summary>
        </member>
        <member name="P:Sqlbi.Bravo.Infrastructure.Models.PBICloud.IPBICloudEnvironment.ServiceEndpoint">
            <summary>
            Endpoint to communicate with the PowerBI service
            </summary>
        </member>
        <member name="P:Sqlbi.Bravo.Infrastructure.Models.PBICloud.IPBICloudEnvironment.ClusterEndpoint">
            <summary>
            Fixed tenant cluster endpoint
            </summary>
        </member>
        <member name="P:Sqlbi.Bravo.Infrastructure.Models.PBICloud.IPBICloudEnvironment.IdentityProvider">
            <summary>
            MSOLAP OLEDB provider 'Identity Provider'
            </summary>
        </member>
        <member name="F:Sqlbi.Bravo.Infrastructure.Models.PBICloud.PBICloudEnvironmentType.Custom">
            <summary>
            Others
            </summary>
        </member>
        <member name="F:Sqlbi.Bravo.Infrastructure.Models.PBICloud.PBICloudEnvironmentType.Public">
            <summary>
            GlobalService "cloudName": "GlobalCloud" - (Commercial Cloud),
            </summary>
        </member>
        <member name="F:Sqlbi.Bravo.Infrastructure.Models.PBICloud.PBICloudEnvironmentType.Germany">
            <summary>
            GlobalService "cloudName": "GermanyCloud"
            </summary>
        </member>
        <member name="F:Sqlbi.Bravo.Infrastructure.Models.PBICloud.PBICloudEnvironmentType.China">
            <summary>
            GlobalService "cloudName": "ChinaCloud",
            </summary>
        </member>
        <member name="F:Sqlbi.Bravo.Infrastructure.Models.PBICloud.PBICloudEnvironmentType.USGov">
            <summary>
            GlobalService "cloudName": "USGovCloud" - (US Government Community Cloud)
            </summary>
        </member>
        <member name="F:Sqlbi.Bravo.Infrastructure.Models.PBICloud.PBICloudEnvironmentType.USGovHigh">
            <summary>
            GlobalService "cloudName": "USGovDoDL4Cloud" - (US Government Community Cloud High)
            </summary>
        </member>
        <member name="F:Sqlbi.Bravo.Infrastructure.Models.PBICloud.PBICloudEnvironmentType.USGovMil">
            <summary>
            GlobalService "cloudName": "USGovDoDL5Cloud" - (US Department of Defense)
            </summary>
        </member>
        <member name="T:Sqlbi.Bravo.Infrastructure.Security.GenericCredential">
            <summary>
            The credential is a generic credential. The credential will not be used by any particular authentication package. The credential will be stored securely but has no other significant characteristics.
            </summary>
        </member>
        <member name="M:Sqlbi.Bravo.Infrastructure.Security.Cryptography.Protect(System.Byte[],System.Byte[])">
            <summary>
             Encrypts the data in a specified byte array.
            </summary>
            <remarks>The protected data is associated with the current user and only threads running under the current user context can unprotect the data.</remarks>
        </member>
        <member name="M:Sqlbi.Bravo.Infrastructure.Security.Cryptography.Unprotect(System.Byte[],System.Byte[])">
            <summary>
             Decrypts the data in a specified byte array. 
            </summary>
            <remarks>The protected data is associated with the current user and only threads running under the current user context can unprotect the data.</remarks>
        </member>
        <member name="M:Sqlbi.Bravo.Infrastructure.Security.Cryptography.MD5Hash(System.Byte[][])">
            <summary>
            Encodes the provided buffers into an MD5 hashed string
            </summary>
        </member>
        <member name="M:Sqlbi.Bravo.Infrastructure.Security.Cryptography.MD5Hash(System.Byte[])">
            <summary>
            Encodes the provided buffers into an MD5 hashed string
            </summary>
        </member>
        <member name="F:Sqlbi.Bravo.Infrastructure.Security.Policies.PolicyStatus.NotConfigured">
            <summary>
            No policy has been enforced
            </summary>
        </member>
        <member name="F:Sqlbi.Bravo.Infrastructure.Security.Policies.PolicyStatus.Forced">
            <summary>
            A policy has been applied for the property scope
            </summary>
        </member>
        <member name="P:Sqlbi.Bravo.Infrastructure.Services.BestPracticeAnalyzer.AnalyzerResult.Ignored">
            <summary>
            Indicates whether this rule should be ignored on this particular object
            </summary>
        </member>
        <member name="M:Sqlbi.Bravo.Infrastructure.Services.BestPracticeAnalyzer.RuleScopeExtensions.Enumerate(Sqlbi.Bravo.Infrastructure.Services.BestPracticeAnalyzer.RuleScope)">
            <summary>
            Enumerates the currently set flags on this Enum as individual Enum values.
            </summary>
        </member>
        <member name="T:Sqlbi.Bravo.Infrastructure.Services.WebProxyWrapper">
            <summary>
            Implements a <see cref="T:System.Net.WebProxy"/> wrapper that supports the system proxy on the machine or a single manual configured proxy server
            </summary>
        </member>
        <member name="F:Sqlbi.Bravo.Infrastructure.Windows.Interop.Advapi32.CRED_MAX_STRING_LENGTH">
            <summary>
            https://docs.microsoft.com/en-us/windows/win32/api/wincred/ns-wincred-credentialw
            </summary>
        </member>
        <member name="T:Sqlbi.Bravo.Infrastructure.Windows.Interop.Advapi32.CREDENTIAL_TYPE">
            <summary>
            https://docs.microsoft.com/en-us/windows/win32/api/wincred/ns-wincred-credentiala
            </summary>
        </member>
        <member name="T:Sqlbi.Bravo.Infrastructure.Windows.Interop.Credui.CREDUIWIN">
            <summary>
            https://docs.microsoft.com/en-us/windows/win32/api/wincred/nf-wincred-creduipromptforwindowscredentialsa
            </summary>
        </member>
        <member name="T:Sqlbi.Bravo.Infrastructure.Windows.Interop.HRESULT">
            <summary>
            https://github.com/dahall/Vanara/blob/master/PInvoke/Shared/WinError/HRESULT.Values.cs
            https://www.magnumdb.com/
            </summary>
        </member>
        <member name="T:Sqlbi.Bravo.Infrastructure.Windows.Interop.User32.PROCESS_DPI_AWARENESS">
            <summary>
            https://docs.microsoft.com/en-us/windows/win32/api/shellscalingapi/ne-shellscalingapi-process_dpi_awareness
            </summary>
        </member>
        <member name="T:Sqlbi.Bravo.Infrastructure.Windows.Interop.User32.DPI_AWARENESS_CONTEXT">
            <summary>
            https://docs.microsoft.com/en-us/windows/win32/hidpi/dpi-awareness-context
            </summary>
        </member>
        <member name="T:Sqlbi.Bravo.Infrastructure.Windows.Interop.Uxtheme">
            ***************************************************************************
            ***************************************************************************
             <remarks>
                 This class uses undocumented APIs introduced in Windows 10 build 1809
                 APIs are not documented and exported by ordinal only.
            
                 Discussion: Dark mode for applications
                 https://github.com/microsoft/WindowsAppSDK/issues/41#issue-622186032
             </remarks>
            ***************************************************************************
            ***************************************************************************
        </member>
        <member name="M:Sqlbi.Bravo.Infrastructure.Windows.Interop.Uxtheme.RefreshImmersiveColorPolicyState">
            <summary>
            This undocumented API apparently triggers a refresh/repaint after changing the dark mode of a window
            </summary>
        </member>
        <member name="M:Sqlbi.Bravo.Infrastructure.Windows.Interop.Uxtheme.ShouldAppsUseDarkMode">
            <summary>
            Returns the 'deafault app mode' on 'Custom' color settings
            </summary>
        </member>
        <member name="M:Sqlbi.Bravo.Infrastructure.Windows.Interop.Uxtheme.ShouldSystemUseDarkMode">
            <summary>
            Returns the 'deafault Windows mode' on 'Custom' color settings
            </summary>
        </member>
        <member name="T:Sqlbi.Bravo.Infrastructure.Windows.OpenFileDialog">
            <summary>
            .NET wrapper around the Win32 open file dialog
            </summary>
        </member>
        <member name="T:Sqlbi.Bravo.Infrastructure.Windows.SaveFileDialog">
            <summary>
            .NET wrapper around the Win32 save file dialog
            </summary>
        </member>
        <member name="T:Sqlbi.Bravo.Infrastructure.Windows.ColorPickerDialog">
            <summary>
            .NET wrapper around the Win32 color picker dialog
            </summary>
        </member>
        <member name="T:Sqlbi.Bravo.Infrastructure.Windows.WindowSubclass">
            <summary>
            Installs a window subclass callback to hook messages sent to the specified window
            </summary>
        </member>
        <member name="F:Sqlbi.Bravo.Models.AnalyzeModel.TabularDatabaseFeatureUnsupportedReason.ReadOnly">
            <summary>
            The state of the connected database instance is read-only
            </summary>
        </member>
        <member name="F:Sqlbi.Bravo.Models.AnalyzeModel.TabularDatabaseFeatureUnsupportedReason.MetadataOnly">
            <summary>
            The <see cref="T:Sqlbi.Bravo.Models.AnalyzeModel.TabularDatabase"/> was generated from a VPAX file that is a representation of the Tabular model and includes only its metadata
            </summary>
        </member>
        <member name="F:Sqlbi.Bravo.Models.AnalyzeModel.TabularDatabaseFeatureUnsupportedReason.XmlaEndpointNotSupported">
            <summary>
            The XMLA endpoint is not supported for the <see cref="T:Sqlbi.Bravo.Models.PBICloudDataset"/> workspace capacity SKU
            </summary>
            <remarks>
            The XMLA endpoint is available for Power BI Premium Capacity workspaces (i.e. workspaces assigned to a Px, Ax or EMx SKU), Power BI Embedded workspaces, or Power BI Premium-Per-User (PPU) workspaces
            </remarks>
        </member>
        <member name="F:Sqlbi.Bravo.Models.AnalyzeModel.TabularDatabaseFeatureUnsupportedReason.ManageDatesAutoDateTimeEnabled">
            <summary>
            Models with auto date/time option enabled are not supported, user must disable this option on the model before using ManageDate templates
            </summary>
        </member>
        <member name="F:Sqlbi.Bravo.Models.AnalyzeModel.TabularDatabaseFeatureUnsupportedReason.ManageDatesPBIDesktopModelOnly">
            <summary>
            Feature supported only for models in Power BI Desktop mode
            </summary>
        </member>
        <member name="F:Sqlbi.Bravo.Models.AnalyzeModel.TabularDatabaseFeatureUnsupportedReason.ManageDatesEmptyTableCollection">
            <summary>
            Feature supported only by databases that have at least one table
            </summary>
        </member>
        <member name="F:Sqlbi.Bravo.Models.AnalyzeModel.TabularTableFeatureUnsupportedReason.ExportDataNoColumns">
            <summary>
            The table has no columns so it cannot be used as an export data source
            </summary>
            <example>
            https://github.com/sql-bi/Bravo/issues/128 "Query (%, %) Table '%' cannot be used in computations because it does not have any columns."
            </example> 
        </member>
        <member name="F:Sqlbi.Bravo.Models.AnalyzeModel.TabularTableFeatureUnsupportedReason.ExportDataNotQueryable">
            <summary>
            The table has columns that are not queryable (i.e. TOM.ObjectState IN CalculationNeeded, SemanticError, EvaluationError, SyntaxError, ...)
            </summary> 
        </member>
        <member name="P:Sqlbi.Bravo.Models.BravoAccount.Identifier">
            <summary>
            Unique identifier for the account
            </summary>
        </member>
        <member name="P:Sqlbi.Bravo.Models.BravoAccount.UserPrincipalName">
            <summary>
            User name in UserPrincipalName (UPN) format - e.g. john.doe@contoso.com
            </summary>
        </member>
        <member name="P:Sqlbi.Bravo.Models.BravoAccount.Username">
            <summary>
            Displayable user name (not guaranteed to be unique, it is mutable)
            </summary>
        </member>
        <member name="P:Sqlbi.Bravo.Models.BravoPolicies.BuiltInTemplatesEnabled">
            <remarks>This property is not exposed in the <see cref="T:Sqlbi.Bravo.Infrastructure.Configuration.Settings.UserSettings"/> because it is not to be set by the user. It's serialized in <see cref="T:Sqlbi.Bravo.Models.BravoPolicies"/> for the sole purpose of allowing the UI to read its value</remarks>
        </member>
        <member name="P:Sqlbi.Bravo.Models.BravoPolicies.CustomTemplatesEnabled">
            <remarks>This property is not exposed in the <see cref="T:Sqlbi.Bravo.Infrastructure.Configuration.Settings.UserSettings"/> because it is not to be set by the user. It's serialized in <see cref="T:Sqlbi.Bravo.Models.BravoPolicies"/> for the sole purpose of allowing the UI to read its value</remarks>
        </member>
        <member name="P:Sqlbi.Bravo.Models.BravoPolicies.CustomTemplatesOrganizationRepositoryPath">
            <remarks>This property is not exposed in the <see cref="T:Sqlbi.Bravo.Infrastructure.Configuration.Settings.UserSettings"/> because it is not to be set by the user. It's serialized in <see cref="T:Sqlbi.Bravo.Models.BravoPolicies"/> for the sole purpose of allowing the UI to read its value</remarks>
        </member>
        <member name="P:Sqlbi.Bravo.Models.ExportData.ExportDataSettings.Tables">
            <summary>
            Names of tables to export
            </summary>
        </member>
        <member name="P:Sqlbi.Bravo.Models.ExportData.ExportDataSettings.ExportPath">
            <summary>
            Full local path where the files will be created
            </summary>
        </member>
        <member name="P:Sqlbi.Bravo.Models.ExportData.ExportDelimitedTextSettings.UnicodeEncoding">
            <summary>
            Specifies whether UTF-16 should be used as the character encoding for the file, otherwise UTF-8 is used as default
            </summary>
        </member>
        <member name="P:Sqlbi.Bravo.Models.ExportData.ExportDelimitedTextSettings.Delimiter">
            <summary>
            Specifies the delimiter used to separate fields. If not provided <see cref="P:System.Globalization.TextInfo.ListSeparator"/> is used as default
            </summary>
        </member>
        <member name="P:Sqlbi.Bravo.Models.ExportData.ExportDelimitedTextSettings.QuoteStringFields">
            <summary>
            Specifies if all string fields should be quoted. Default is false
            </summary>
        </member>
        <member name="P:Sqlbi.Bravo.Models.ExportData.ExportDelimitedTextSettings.CreateSubfolder">
            <summary>
            Specifies whether to export the data to a subfolder with the same name as the source <see cref="T:Sqlbi.Bravo.Infrastructure.Models.IDataModel`1"/>
            </summary>
        </member>
        <member name="P:Sqlbi.Bravo.Models.ExportData.ExportExcelSettings.CreateExportSummary">
            <summary>
            Specifies whether an export summary worksheet should be created
            </summary>
        </member>
        <member name="F:Sqlbi.Bravo.Models.ExportData.ExportDataStatus.Running">
            <summary>
            Data export is running. Applies to <see cref="T:Sqlbi.Bravo.Models.ExportData.ExportDataJob"/> and <see cref="T:Sqlbi.Bravo.Models.ExportData.ExportDataTable"/>
            </summary>
        </member>
        <member name="F:Sqlbi.Bravo.Models.ExportData.ExportDataStatus.Completed">
            <summary>
            Data export is completed. Applies to <see cref="T:Sqlbi.Bravo.Models.ExportData.ExportDataJob"/> and <see cref="T:Sqlbi.Bravo.Models.ExportData.ExportDataTable"/>
            </summary>
        </member>
        <member name="F:Sqlbi.Bravo.Models.ExportData.ExportDataStatus.Canceled">
            <summary>
            Data export was canceled. Only applies to <see cref="T:Sqlbi.Bravo.Models.ExportData.ExportDataJob"/>
            </summary>
        </member>
        <member name="F:Sqlbi.Bravo.Models.ExportData.ExportDataStatus.Failed">
            <summary>
            Data export was failed due to an error. Only applies to <see cref="T:Sqlbi.Bravo.Models.ExportData.ExportDataJob"/>
            </summary>
        </member>
        <member name="F:Sqlbi.Bravo.Models.ExportData.ExportDataStatus.Truncated">
            <summary>
            Data export was interrupted due to reaching the limit allowed by the data destination. Only applies <see cref="T:Sqlbi.Bravo.Models.ExportData.ExportDataTable"/>
            </summary>
            <example>Excel cannot exceed the limit of 1,048,576 rows</example>
        </member>
        <member name="P:Sqlbi.Bravo.Models.FormatDax.DatabaseUpdateResult.DatabaseETag">
            <summary>
            The unique identifier of the current version of the tabular model computed after the update
            </summary>
        </member>
        <member name="P:Sqlbi.Bravo.Models.FormatDax.FormatDaxOptions.AutoLineBreakStyle">
            <summary>
            Auto-calculated <see cref="T:Sqlbi.Bravo.Models.FormatDax.DaxLineBreakStyle"/> based on the existing measures in the model. See <see cref="P:Sqlbi.Bravo.Models.AnalyzeModel.TabularDatabaseInfo.AutoLineBreakStyle"/>
            </summary>
        </member>
        <member name="P:Sqlbi.Bravo.Models.FormatDax.FormatDaxOptions.LineBreakStyle">
            <summary>
            Preferred <see cref="T:Sqlbi.Bravo.Models.FormatDax.DaxLineBreakStyle"/> from user settings
            </summary>
        </member>
        <member name="F:Sqlbi.Bravo.Models.FormatDax.DaxLineBreakStyle.None">
            <summary>
            No line break character at beginning of DAX expression
            </summary>
        </member>
        <member name="F:Sqlbi.Bravo.Models.FormatDax.DaxLineBreakStyle.InitialLineBreak">
            <summary>
            The first character of the DAX expression is a line break
            </summary>
        </member>
        <member name="F:Sqlbi.Bravo.Models.FormatDax.DaxLineBreakStyle.Auto">
            <summary>
            Automatically pick <see cref="F:Sqlbi.Bravo.Models.FormatDax.DaxLineBreakStyle.None"/> or <see cref="F:Sqlbi.Bravo.Models.FormatDax.DaxLineBreakStyle.InitialLineBreak"/> based on the existing measures in the model, using the prevalent technique in existing measures
            </summary>
        </member>
        <member name="F:Sqlbi.Bravo.Models.ManageDates.CustomPackageType.User">
            <summary>
            Custom template package from the user's local repository
            </summary>
        </member>
        <member name="F:Sqlbi.Bravo.Models.ManageDates.CustomPackageType.Organization">
            <summary>
            Custom template package from the organization's shared repository
            </summary>
        </member>
        <member name="P:Sqlbi.Bravo.Models.ManageDates.DateConfiguration.TemplateUri">
            <summary>
            For internal use only, not to be shown in Bravo UI
            </summary>
        </member>
        <member name="P:Sqlbi.Bravo.Models.ManageDates.DateConfiguration.IsCurrent">
            <summary>
            Returns true if this <see cref="T:Sqlbi.Bravo.Models.ManageDates.DateConfiguration"/> is the one currently applied to the model
            </summary>
        </member>
        <member name="P:Sqlbi.Bravo.Models.ManageDates.DateConfiguration.IsCustom">
            <summary>
            Returns true if this <see cref="T:Sqlbi.Bravo.Models.ManageDates.DateConfiguration"/> belongs to a custom developed template and not a predefined Bravo template
            </summary>
        </member>
        <member name="P:Sqlbi.Bravo.Models.ManageDates.DateConfiguration.DateAvailable">
            <summary>
            Indicates whether the <see cref="T:Dax.Template.Interfaces.ITemplates.TemplateEntry"/> exists in the config.template.json
            </summary>
        </member>
        <member name="P:Sqlbi.Bravo.Models.ManageDates.DateConfiguration.DateEnabled">
            <summary>
            Indicates whether the user has enabled this template for deploy
            </summary>
        </member>
        <member name="P:Sqlbi.Bravo.Models.ManageDates.DateConfiguration.HolidaysAvailable">
            <summary>
            Indicates whether the <see cref="T:Dax.Template.Interfaces.ITemplates.TemplateEntry"/> exists in the config.template.json
            </summary>
        </member>
        <member name="P:Sqlbi.Bravo.Models.ManageDates.DateConfiguration.HolidaysEnabled">
            <summary>
            Indicates whether the user has enabled the creation of the holidays table
            </summary>
        </member>
        <member name="P:Sqlbi.Bravo.Models.ManageDates.DateConfiguration.TimeIntelligenceAvailable">
            <summary>
            Indicates whether the <see cref="T:Dax.Template.Interfaces.ITemplates.TemplateEntry"/> exists in the config.template.json
            </summary>
        </member>
        <member name="P:Sqlbi.Bravo.Models.ManageDates.DateConfiguration.TimeIntelligenceEnabled">
            <summary>
            Indicates whether the user has enabled this template for deploy
            </summary>
        </member>
        <member name="F:Sqlbi.Bravo.Models.ManageDates.TableValidation.ValidNotExists">
            <summary>
            A table with the same name does not exist and will be created
            </summary>
        </member>
        <member name="F:Sqlbi.Bravo.Models.ManageDates.TableValidation.ValidAlterable">
            <summary>
            A table with the same name already exists but will be altered
            </summary>
        </member>
        <member name="F:Sqlbi.Bravo.Models.ManageDates.TableValidation.InvalidExists">
            <summary>
            A table with the same name already exists and cannot be altered, a different name is required
            </summary>
        </member>
        <member name="F:Sqlbi.Bravo.Models.ManageDates.TableValidation.InvalidNamingRequirements">
            <summary>
            The table name contains words or characters that cannot be used in the name of a table
            </summary>
        </member>
        <member name="P:Sqlbi.Bravo.Models.ManageDates.PreviewChangesSettings.Configuration">
            <summary>
            <see cref="T:Sqlbi.Bravo.Models.ManageDates.DateConfiguration"/> to be applied
            </summary>
        </member>
        <member name="P:Sqlbi.Bravo.Models.ManageDates.PreviewChangesSettings.PreviewRows">
            <summary>
            Number of records generated as a preview of requested changes
            </summary>
        </member>
        <member name="T:Sqlbi.Bravo.Models.PBICloudDatasetEndorsement">
            <summary>
            Re-mapping <see cref="T:Sqlbi.Bravo.Infrastructure.Contracts.PBICloud.CloudPromotionalStage"/>
            </summary>
        </member>
        <member name="T:Sqlbi.Bravo.Models.PBICloudDatasetWorkspaceType">
            <summary>
            Re-mapping <see cref="T:Sqlbi.Bravo.Infrastructure.Contracts.PBICloud.CloudSharedModelWorkspaceType"/>
            </summary>
        </member>
        <member name="T:Sqlbi.Bravo.Models.PBICloudDatasetCapacitySkuType">
            <summary>
            Re-mapping <see cref="T:Sqlbi.Bravo.Infrastructure.Contracts.PBICloud.CloudWorkspaceCapacitySkuType"/>
            </summary>
        </member>
        <member name="F:Sqlbi.Bravo.Models.PBIDesktopReportConnectionMode.Supported">
            <summary>
            Connection supported
            </summary>
        </member>
        <member name="F:Sqlbi.Bravo.Models.PBIDesktopReportConnectionMode.UnsupportedProcessNotReady">
            <summary>
            PBIDesktop process is opening or the Analysis Services instance/model is not yet ready
            </summary>
        </member>
        <member name="F:Sqlbi.Bravo.Models.PBIDesktopReportConnectionMode.UnsupportedAnalysisServicesProcessNotFound">
            <summary>
            PBIDesktop Analysis Services instance process not found.
            </summary>
        </member>
        <member name="F:Sqlbi.Bravo.Models.PBIDesktopReportConnectionMode.UnsupportedAnalysisServicesConnectionNotFound">
            <summary>
            PBIDesktop Analysis Services TCP connection not found.
            </summary>
        </member>
        <member name="F:Sqlbi.Bravo.Models.PBIDesktopReportConnectionMode.UnsupportedAnalysisServicesCompatibilityMode">
            <summary>
            PBIDesktop Analysis Services instance compatibility mode is not PowerBI.
            </summary>
        </member>
        <member name="F:Sqlbi.Bravo.Models.PBIDesktopReportConnectionMode.UnsupportedDatabaseCollectionEmpty">
            <summary>
            PBIDesktop Analysis Services instance does not contains any databases. The PBIDesktop report is connected to an external database/model like Power BI datasets or .. ??
            </summary>
        </member>
        <member name="F:Sqlbi.Bravo.Models.PBIDesktopReportConnectionMode.UnsupportedDatabaseCollectionUnexpectedCount">
            <summary>
            PBIDesktop Analysis Services instance contains an unexpected number of databases (> 1) while we expect zero or one.
            </summary>
        </member>
        <member name="F:Sqlbi.Bravo.Models.PBIDesktopReportConnectionMode.UnsupportedConnectionException">
            <summary>
            An exception was raised when connecting to the PBIDesktop Analysis Services instance.
            </summary>
        </member>
        <member name="P:Sqlbi.Bravo.Models.TemplateDevelopment.WorkspacePreviewChangesSettings.CustomPackagePath">
            <summary>
            Full path of the custom package to be applied
            </summary>
        </member>
        <member name="P:Sqlbi.Bravo.Models.TemplateDevelopment.WorkspacePreviewChangesSettings.PreviewRows">
            <summary>
            Number of records generated as a preview of requested changes
            </summary>
        </member>
        <member name="T:Sqlbi.Bravo.Properties.Resources">
            <summary>
              A strongly-typed resource class, for looking up localized strings, etc.
            </summary>
        </member>
        <member name="P:Sqlbi.Bravo.Properties.Resources.ResourceManager">
            <summary>
              Returns the cached ResourceManager instance used by this class.
            </summary>
        </member>
        <member name="P:Sqlbi.Bravo.Properties.Resources.Culture">
            <summary>
              Overrides the current thread's CurrentUICulture property for all
              resource lookups using this strongly typed resource class.
            </summary>
        </member>
        <member name="P:Sqlbi.Bravo.Properties.Resources.bravo">
            <summary>
              Looks up a localized resource of type System.Drawing.Bitmap.
            </summary>
        </member>
    </members>
</doc>
